{
  "prepare_queue": {
    "installed": [],
    "uninstalled": []
  },
  "config_munge": {
    "files": {
      "res/xml/config.xml": {
        "parents": {
          "/*": [
            {
              "xml": "<feature name=\"Device\"><param name=\"android-package\" value=\"org.apache.cordova.device.Device\" /></feature>",
              "count": 1
            },
            {
              "xml": "<feature name=\"Whitelist\"><param name=\"android-package\" value=\"org.apache.cordova.whitelist.WhitelistPlugin\" /><param name=\"onload\" value=\"true\" /></feature>",
              "count": 1
            },
            {
              "xml": "<feature name=\"Accelerometer\"><param name=\"android-package\" value=\"org.apache.cordova.devicemotion.AccelListener\" /></feature>",
              "count": 1
            },
            {
              "xml": "<feature name=\"Battery\"><param name=\"android-package\" value=\"org.apache.cordova.batterystatus.BatteryListener\" /></feature>",
              "count": 1
            },
            {
              "xml": "<feature name=\"Camera\"><param name=\"android-package\" value=\"org.apache.cordova.camera.CameraLauncher\" /></feature>",
              "count": 1
            },
            {
              "xml": "<feature name=\"EmailComposer\"><param name=\"android-package\" value=\"de.martinreinhardt.cordova.plugins.email.EmailComposer\" /></feature>",
              "count": 1
            }
          ]
        }
      },
      "AndroidManifest.xml": {
        "parents": {
          "/*": [
            {
              "xml": "<uses-permission android:name=\"android.permission.WRITE_EXTERNAL_STORAGE\" />",
              "count": 1
            }
          ],
          "application": [
            {
              "xml": "<provider android:authorities=\"${applicationId}.provider\" android:exported=\"false\" android:grantUriPermissions=\"true\" android:name=\"org.apache.cordova.camera.FileProvider\"><meta-data android:name=\"android.support.FILE_PROVIDER_PATHS\" android:resource=\"@xml/camera_provider_paths\" /></provider>",
              "count": 1
            },
            {
              "xml": "<provider android:authorities=\"${applicationId}.emailcomposer.provider\" android:exported=\"false\" android:grantUriPermissions=\"true\" android:name=\"de.appplant.cordova.emailcomposer.Provider\"><meta-data android:name=\"android.support.FILE_PROVIDER_PATHS\" android:resource=\"@xml/emailcomposer_provider_paths\" /></provider>",
              "count": 1
            }
          ]
        }
      },
      "config.xml": {
        "parents": {
          "/*": [
            {
              "xml": "<feature name=\"EmailComposer\"><param name=\"android-package\" value=\"de.appplant.cordova.emailcomposer.EmailComposer\" /></feature>",
              "count": 1
            }
          ]
        }
      }
    }
  },
  "installed_plugins": {
    "cordova-plugin-device": {
      "PACKAGE_NAME": "io.cordova.hellocordova"
    },
    "cordova-plugin-whitelist": {
      "PACKAGE_NAME": "io.cordova.hellocordova"
    },
    "cordova-plugin-device-motion": {
      "PACKAGE_NAME": "io.cordova.hellocordova"
    },
    "cordova-plugin-shake": {
      "PACKAGE_NAME": "io.cordova.hellocordova"
    },
    "cordova-plugin-battery-status": {
      "PACKAGE_NAME": "io.cordova.hellocordova"
    },
    "es6-promise-plugin": {
      "PACKAGE_NAME": "io.cordova.hellocordova"
    },
    "phonegap-plugin-battery-status": {
      "PACKAGE_NAME": "io.cordova.hellocordova"
    },
    "cordova-plugin-camera": {
      "PACKAGE_NAME": "io.cordova.hellocordova"
    },
    "cordova-plugin-email": {
      "PACKAGE_NAME": "io.cordova.hellocordova"
    },
    "cordova-plugin-email-composer": {
      "ANDROID_SUPPORT_V4_VERSION": "27.+",
      "PACKAGE_NAME": "io.cordova.hellocordova"
    }
  },
  "dependent_plugins": {},
  "modules": [
    {
      "id": "cordova-plugin-device.device",
      "file": "plugins/cordova-plugin-device/www/device.js",
      "pluginId": "cordova-plugin-device",
      "clobbers": [
        "device"
      ]
    },
    {
      "id": "cordova-plugin-device-motion.Acceleration",
      "file": "plugins/cordova-plugin-device-motion/www/Acceleration.js",
      "pluginId": "cordova-plugin-device-motion",
      "clobbers": [
        "Acceleration"
      ]
    },
    {
      "id": "cordova-plugin-device-motion.accelerometer",
      "file": "plugins/cordova-plugin-device-motion/www/accelerometer.js",
      "pluginId": "cordova-plugin-device-motion",
      "clobbers": [
        "navigator.accelerometer"
      ]
    },
    {
      "id": "cordova-plugin-shake.Shake",
      "file": "plugins/cordova-plugin-shake/www/shake.js",
      "pluginId": "cordova-plugin-shake",
      "clobbers": [
        "shake"
      ]
    },
    {
      "id": "cordova-plugin-battery-status.battery",
      "file": "plugins/cordova-plugin-battery-status/www/battery.js",
      "pluginId": "cordova-plugin-battery-status",
      "clobbers": [
        "navigator.battery"
      ]
    },
    {
      "id": "es6-promise-plugin.Promise",
      "file": "plugins/es6-promise-plugin/www/promise.js",
      "pluginId": "es6-promise-plugin",
      "runs": true
    },
    {
      "id": "cordova-plugin-camera.Camera",
      "file": "plugins/cordova-plugin-camera/www/CameraConstants.js",
      "pluginId": "cordova-plugin-camera",
      "clobbers": [
        "Camera"
      ]
    },
    {
      "id": "cordova-plugin-camera.CameraPopoverOptions",
      "file": "plugins/cordova-plugin-camera/www/CameraPopoverOptions.js",
      "pluginId": "cordova-plugin-camera",
      "clobbers": [
        "CameraPopoverOptions"
      ]
    },
    {
      "id": "cordova-plugin-camera.camera",
      "file": "plugins/cordova-plugin-camera/www/Camera.js",
      "pluginId": "cordova-plugin-camera",
      "clobbers": [
        "navigator.camera"
      ]
    },
    {
      "id": "cordova-plugin-camera.CameraPopoverHandle",
      "file": "plugins/cordova-plugin-camera/www/CameraPopoverHandle.js",
      "pluginId": "cordova-plugin-camera",
      "clobbers": [
        "CameraPopoverHandle"
      ]
    },
    {
      "id": "cordova-plugin-email.EmailComposer",
      "file": "plugins/cordova-plugin-email/www/email_composer.js",
      "pluginId": "cordova-plugin-email",
      "clobbers": [
        "cordova.plugins.email",
        "plugin.email"
      ]
    },
    {
      "id": "cordova-plugin-email-composer.EmailComposer",
      "file": "plugins/cordova-plugin-email-composer/www/email_composer.js",
      "pluginId": "cordova-plugin-email-composer",
      "clobbers": [
        "cordova.plugins.email"
      ]
    }
  ],
  "plugin_metadata": {
    "cordova-plugin-device": "2.0.2",
    "cordova-plugin-whitelist": "1.3.3",
    "cordova-plugin-device-motion": "2.0.1",
    "cordova-plugin-shake": "0.6.0",
    "cordova-plugin-battery-status": "2.0.2",
    "es6-promise-plugin": "4.2.2",
    "phonegap-plugin-battery-status": "1.0.0",
    "cordova-plugin-camera": "4.0.3",
    "cordova-plugin-email": "1.2.7",
    "cordova-plugin-email-composer": "0.9.2"
  }
}
