{
  "prepare_queue": {
    "installed": [],
    "uninstalled": []
  },
  "config_munge": {
    "files": {
      "config.xml": {
        "parents": {
          "/*": [
            {
              "xml": "<feature name=\"Device\"><param name=\"browser-package\" value=\"Device\" /></feature>",
              "count": 1
            },
            {
              "xml": "<feature name=\"Camera\"><param name=\"browser-package\" value=\"Camera\" /></feature>",
              "count": 1
            },
            {
              "xml": "<feature name=\"EmailComposer\"><param name=\"browser-package\" value=\"de.appplant.cordova.emailcomposer.EmailComposer\" /></feature>",
              "count": 1
            }
          ]
        }
      },
      "res/xml/config.xml": {
        "parents": {
          "/*": [
            {
              "xml": "<feature name=\"EmailComposer\"><param name=\"browser-package\" value=\"de.martinreinhardt.cordova.plugins.email.EmailComposer\" /></feature>",
              "count": 1
            }
          ]
        }
      }
    }
  },
  "installed_plugins": {
    "cordova-plugin-whitelist": {
      "PACKAGE_NAME": "io.cordova.hellocordova"
    },
    "cordova-plugin-device": {
      "PACKAGE_NAME": "io.cordova.hellocordova"
    },
    "cordova-plugin-device-motion": {
      "PACKAGE_NAME": "io.cordova.hellocordova"
    },
    "cordova-plugin-shake": {
      "PACKAGE_NAME": "io.cordova.hellocordova"
    },
    "cordova-plugin-battery-status": {
      "PACKAGE_NAME": "io.cordova.hellocordova"
    },
    "es6-promise-plugin": {
      "PACKAGE_NAME": "io.cordova.hellocordova"
    },
    "phonegap-plugin-battery-status": {
      "PACKAGE_NAME": "io.cordova.hellocordova"
    },
    "cordova-plugin-camera": {
      "PACKAGE_NAME": "io.cordova.hellocordova"
    },
    "cordova-plugin-email": {
      "PACKAGE_NAME": "io.cordova.hellocordova"
    },
    "cordova-plugin-email-composer": {
      "PACKAGE_NAME": "io.cordova.hellocordova"
    }
  },
  "dependent_plugins": {},
  "modules": [
    {
      "file": "plugins/cordova-plugin-device/www/device.js",
      "id": "cordova-plugin-device.device",
      "pluginId": "cordova-plugin-device",
      "clobbers": [
        "device"
      ]
    },
    {
      "file": "plugins/cordova-plugin-device/src/browser/DeviceProxy.js",
      "id": "cordova-plugin-device.DeviceProxy",
      "pluginId": "cordova-plugin-device",
      "runs": true
    },
    {
      "file": "plugins/cordova-plugin-device-motion/www/Acceleration.js",
      "id": "cordova-plugin-device-motion.Acceleration",
      "pluginId": "cordova-plugin-device-motion",
      "clobbers": [
        "Acceleration"
      ]
    },
    {
      "file": "plugins/cordova-plugin-device-motion/www/accelerometer.js",
      "id": "cordova-plugin-device-motion.accelerometer",
      "pluginId": "cordova-plugin-device-motion",
      "clobbers": [
        "navigator.accelerometer"
      ]
    },
    {
      "file": "plugins/cordova-plugin-device-motion/src/browser/AccelerometerProxy.js",
      "id": "cordova-plugin-device-motion.AccelerometerProxy",
      "pluginId": "cordova-plugin-device-motion",
      "runs": true
    },
    {
      "file": "plugins/cordova-plugin-shake/www/shake.js",
      "id": "cordova-plugin-shake.Shake",
      "pluginId": "cordova-plugin-shake",
      "clobbers": [
        "shake"
      ]
    },
    {
      "file": "plugins/cordova-plugin-battery-status/www/battery.js",
      "id": "cordova-plugin-battery-status.battery",
      "pluginId": "cordova-plugin-battery-status",
      "clobbers": [
        "navigator.battery"
      ]
    },
    {
      "file": "plugins/cordova-plugin-battery-status/src/browser/BatteryProxy.js",
      "id": "cordova-plugin-battery-status.Battery",
      "pluginId": "cordova-plugin-battery-status",
      "runs": true
    },
    {
      "file": "plugins/es6-promise-plugin/www/promise.js",
      "id": "es6-promise-plugin.Promise",
      "pluginId": "es6-promise-plugin",
      "runs": true
    },
    {
      "file": "plugins/cordova-plugin-camera/www/CameraConstants.js",
      "id": "cordova-plugin-camera.Camera",
      "pluginId": "cordova-plugin-camera",
      "clobbers": [
        "Camera"
      ]
    },
    {
      "file": "plugins/cordova-plugin-camera/www/CameraPopoverOptions.js",
      "id": "cordova-plugin-camera.CameraPopoverOptions",
      "pluginId": "cordova-plugin-camera",
      "clobbers": [
        "CameraPopoverOptions"
      ]
    },
    {
      "file": "plugins/cordova-plugin-camera/www/Camera.js",
      "id": "cordova-plugin-camera.camera",
      "pluginId": "cordova-plugin-camera",
      "clobbers": [
        "navigator.camera"
      ]
    },
    {
      "file": "plugins/cordova-plugin-camera/src/browser/CameraProxy.js",
      "id": "cordova-plugin-camera.CameraProxy",
      "pluginId": "cordova-plugin-camera",
      "runs": true
    },
    {
      "file": "plugins/cordova-plugin-email/www/email_composer.js",
      "id": "cordova-plugin-email.EmailComposer",
      "pluginId": "cordova-plugin-email",
      "clobbers": [
        "cordova.plugins.email",
        "plugin.email"
      ]
    },
    {
      "file": "plugins/cordova-plugin-email/src/browser/EmailComposerProxy.js",
      "id": "cordova-plugin-email.EmailComposerProxy",
      "pluginId": "cordova-plugin-email",
      "runs": true
    },
    {
      "file": "plugins/cordova-plugin-email-composer/www/email_composer.js",
      "id": "cordova-plugin-email-composer.EmailComposer",
      "pluginId": "cordova-plugin-email-composer",
      "clobbers": [
        "cordova.plugins.email"
      ]
    },
    {
      "file": "plugins/cordova-plugin-email-composer/src/browser/EmailComposerProxy.js",
      "id": "cordova-plugin-email-composer.EmailComposerProxy",
      "pluginId": "cordova-plugin-email-composer",
      "runs": true
    }
  ],
  "plugin_metadata": {
    "cordova-plugin-whitelist": "1.3.3",
    "cordova-plugin-device": "2.0.2",
    "cordova-plugin-device-motion": "2.0.1",
    "cordova-plugin-shake": "0.6.0",
    "cordova-plugin-battery-status": "2.0.2",
    "es6-promise-plugin": "4.2.2",
    "phonegap-plugin-battery-status": "1.0.0",
    "cordova-plugin-camera": "4.0.3",
    "cordova-plugin-email": "1.2.7",
    "cordova-plugin-email-composer": "0.9.2"
  }
}