{
  "prepare_queue": {
    "installed": [],
    "uninstalled": []
  },
  "config_munge": {
    "files": {
      "config.xml": {
        "parents": {
          "/*": [
            {
              "xml": "<feature name=\"Device\"><param name=\"ios-package\" value=\"CDVDevice\" /></feature>",
              "count": 1
            },
            {
              "xml": "<feature name=\"Accelerometer\"><param name=\"ios-package\" value=\"CDVAccelerometer\" /></feature>",
              "count": 1
            },
            {
              "xml": "<feature name=\"CDVShake\"><param name=\"ios-package\" value=\"CDVShake\" /><param name=\"onload\" value=\"true\" /></feature>",
              "count": 1
            },
            {
              "xml": "<feature name=\"Battery\"><param name=\"ios-package\" value=\"CDVBattery\" /></feature>",
              "count": 2
            },
            {
              "xml": "<feature name=\"Camera\"><param name=\"ios-package\" value=\"CDVCamera\" /></feature>",
              "count": 1
            },
            {
              "xml": "<preference name=\"CameraUsesGeolocation\" value=\"false\" />",
              "count": 1
            },
            {
              "xml": "<feature name=\"EmailComposer\"><param name=\"ios-package\" value=\"APPEmailComposer\" /></feature>",
              "count": 2
            }
          ]
        }
      },
      "*-Info.plist": {
        "parents": {
          "LSApplicationQueriesSchemes": [
            {
              "xml": "<array><string>mailto</string></array>",
              "count": 2
            }
          ]
        }
      }
    }
  },
  "installed_plugins": {
    "cordova-plugin-device": {
      "PACKAGE_NAME": "io.cordova.hellocordova"
    },
    "cordova-plugin-device-motion": {
      "PACKAGE_NAME": "io.cordova.hellocordova"
    },
    "cordova-plugin-shake": {
      "PACKAGE_NAME": "io.cordova.hellocordova"
    },
    "cordova-plugin-whitelist": {
      "PACKAGE_NAME": "io.cordova.hellocordova"
    },
    "cordova-plugin-battery-status": {
      "PACKAGE_NAME": "io.cordova.hellocordova"
    },
    "es6-promise-plugin": {
      "PACKAGE_NAME": "io.cordova.hellocordova"
    },
    "phonegap-plugin-battery-status": {
      "PACKAGE_NAME": "io.cordova.hellocordova"
    },
    "cordova-plugin-camera": {
      "PACKAGE_NAME": "io.cordova.hellocordova"
    },
    "cordova-plugin-email": {
      "PACKAGE_NAME": "io.cordova.hellocordova"
    },
    "cordova-plugin-email-composer": {
      "PACKAGE_NAME": "io.cordova.hellocordova"
    }
  },
  "dependent_plugins": {},
  "modules": [
    {
      "id": "cordova-plugin-device.device",
      "file": "plugins/cordova-plugin-device/www/device.js",
      "pluginId": "cordova-plugin-device",
      "clobbers": [
        "device"
      ]
    },
    {
      "id": "cordova-plugin-device-motion.Acceleration",
      "file": "plugins/cordova-plugin-device-motion/www/Acceleration.js",
      "pluginId": "cordova-plugin-device-motion",
      "clobbers": [
        "Acceleration"
      ]
    },
    {
      "id": "cordova-plugin-device-motion.accelerometer",
      "file": "plugins/cordova-plugin-device-motion/www/accelerometer.js",
      "pluginId": "cordova-plugin-device-motion",
      "clobbers": [
        "navigator.accelerometer"
      ]
    },
    {
      "id": "cordova-plugin-shake.Shake",
      "file": "plugins/cordova-plugin-shake/www/shakeNative.js",
      "pluginId": "cordova-plugin-shake",
      "clobbers": [
        "shake"
      ]
    },
    {
      "id": "cordova-plugin-battery-status.battery",
      "file": "plugins/cordova-plugin-battery-status/www/battery.js",
      "pluginId": "cordova-plugin-battery-status",
      "clobbers": [
        "navigator.battery"
      ]
    },
    {
      "id": "es6-promise-plugin.Promise",
      "file": "plugins/es6-promise-plugin/www/promise.js",
      "pluginId": "es6-promise-plugin",
      "runs": true
    },
    {
      "id": "phonegap-plugin-battery-status.battery",
      "file": "plugins/phonegap-plugin-battery-status/www/battery.js",
      "pluginId": "phonegap-plugin-battery-status",
      "clobbers": [
        "navigator.getBattery"
      ]
    },
    {
      "id": "cordova-plugin-camera.Camera",
      "file": "plugins/cordova-plugin-camera/www/CameraConstants.js",
      "pluginId": "cordova-plugin-camera",
      "clobbers": [
        "Camera"
      ]
    },
    {
      "id": "cordova-plugin-camera.CameraPopoverOptions",
      "file": "plugins/cordova-plugin-camera/www/CameraPopoverOptions.js",
      "pluginId": "cordova-plugin-camera",
      "clobbers": [
        "CameraPopoverOptions"
      ]
    },
    {
      "id": "cordova-plugin-camera.camera",
      "file": "plugins/cordova-plugin-camera/www/Camera.js",
      "pluginId": "cordova-plugin-camera",
      "clobbers": [
        "navigator.camera"
      ]
    },
    {
      "id": "cordova-plugin-camera.CameraPopoverHandle",
      "file": "plugins/cordova-plugin-camera/www/ios/CameraPopoverHandle.js",
      "pluginId": "cordova-plugin-camera",
      "clobbers": [
        "CameraPopoverHandle"
      ]
    },
    {
      "id": "cordova-plugin-email.EmailComposer",
      "file": "plugins/cordova-plugin-email/www/email_composer.js",
      "pluginId": "cordova-plugin-email",
      "clobbers": [
        "cordova.plugins.email",
        "plugin.email"
      ]
    },
    {
      "id": "cordova-plugin-email-composer.EmailComposer",
      "file": "plugins/cordova-plugin-email-composer/www/email_composer.js",
      "pluginId": "cordova-plugin-email-composer",
      "clobbers": [
        "cordova.plugins.email"
      ]
    }
  ],
  "plugin_metadata": {
    "cordova-plugin-device": "2.0.2",
    "cordova-plugin-device-motion": "2.0.1",
    "cordova-plugin-shake": "0.6.0",
    "cordova-plugin-whitelist": "1.3.3",
    "cordova-plugin-battery-status": "2.0.2",
    "es6-promise-plugin": "4.2.2",
    "phonegap-plugin-battery-status": "1.0.0",
    "cordova-plugin-camera": "4.0.3",
    "cordova-plugin-email": "1.2.7",
    "cordova-plugin-email-composer": "0.9.2"
  }
}